Divisor (X-axis),Normalized Distance (Y-axis),Is_Local_Minima
250.5,128.94610778443106,False
250.0,129.15600000000006,False
249.5,129.36673346693388,False
249.0,129.578313253012,False
248.5,129.78873239436624,False
248.0,129.99999999999994,False
247.5,130.21010101010094,False
247.0,130.42105263157902,False
246.5,130.6328600405679,False
246.0,130.84552845528435,False
245.5,131.05702647657836,False
245.0,131.2693877551021,False
244.5,131.48261758691208,False
244.0,131.6967213114753,False
243.5,131.90965092402473,False
243.0,132.12345679012356,False
242.5,132.33814432989723,False
242.0,132.55371900826447,False
241.5,132.76811594202914,False
241.0,132.9834024896266,False
240.5,133.19958419958408,False
240.0,133.41666666666686,False
239.5,133.63465553235898,False
239.0,133.8535564853556,False
238.5,134.0733752620546,False
238.0,134.29411764705884,False
237.5,134.5157894736841,False
237.0,134.74261603375518,False
236.5,134.97040169133174,False
236.0,135.19915254237299,False
235.5,135.42887473460706,False
235.0,135.65957446808517,False
234.5,135.89125799573563,False
234.0,136.12393162393164,False
233.5,136.35760171306205,False
233.0,136.5922746781116,False
232.5,136.82580645161286,False
232.0,137.0603448275862,False
231.5,137.29589632829376,False
231.0,137.53679653679646,False
230.5,137.7787418655096,False
230.0,138.0217391304345,False
229.5,138.2636165577342,False
229.0,138.50655021834064,False
228.5,138.7483588621443,False
228.0,138.99122807017537,False
227.5,139.23296703296728,False
227.0,139.47577092511025,False
226.5,139.7196467991171,False
226.0,139.9646017699116,False
225.5,140.21064301552113,False
225.0,140.4577777777777,False
224.5,140.71046770601322,False
224.0,140.9642857142858,False
223.5,141.21923937360185,False
223.0,141.47533632287002,False
222.5,141.73258426966288,False
222.0,141.9909909909911,False
221.5,142.25056433408577,False
221.0,142.51131221719461,False
220.5,142.77097505668925,False
220.0,143.03181818181824,False
219.5,143.29157175398637,False
219.0,143.55251141552512,False
218.5,143.81464530892433,False
218.0,144.0779816513761,False
217.5,144.3425287356322,False
217.0,144.6082949308761,False
216.5,144.87297921478063,False
216.0,145.13888888888897,False
215.5,145.40603248259848,False
215.0,145.67441860465115,False
214.5,145.94172494172503,False
214.0,146.21028037383172,False
213.5,146.47540983606572,False
213.0,146.74178403755852,False
212.5,147.00941176470567,False
212.0,147.2783018867924,False
211.5,147.5484633569741,False
211.0,147.81990521327018,False
210.5,148.09026128266044,False
210.0,148.3619047619047,False
209.5,148.63484486873494,False
209.0,148.90909090909042,False
208.5,149.17985611510792,False
208.0,149.45192307692304,False
207.5,149.72530120481917,False
207.0,150.0000000000001,False
206.5,150.27602905568997,False
206.0,150.55339805825233,False
205.5,150.8321167883211,False
205.0,151.1121951219514,False
204.5,151.39364303178468,False
204.0,151.67647058823522,False
203.5,151.95823095823104,False
203.0,152.24137931034474,False
202.5,152.525925925926,False
202.0,152.81188118811883,False
201.5,153.09925558312653,False
201.0,153.39303482587073,False
200.5,153.69326683291746,False
200.0,153.99499999999992,False
199.5,154.29824561403498,False
199.0,154.60301507537702,False
198.5,154.90931989924457,False
198.0,155.21717171717154,False
197.5,155.52658227848104,False
197.0,155.83756345177667,False
196.5,156.14758269720102,False
196.0,156.45918367346937,False
195.5,156.77237851662417,False
195.0,157.08717948717955,False
194.5,157.40359897172243,False
194.0,157.72164948453602,False
193.5,158.04134366925064,False
193.0,158.3626943005182,False
192.5,158.68571428571406,False
192.0,159.01041666666666,False
191.5,159.3342036553526,False
191.0,159.6596858638744,False
190.5,159.98425196850403,False
190.0,160.3105263157895,False
189.5,160.6358839050132,False
189.0,160.962962962963,False
188.5,161.2891246684349,False
188.0,161.61702127659584,False
187.5,161.94400000000016,False
187.0,162.27272727272737,False
186.5,162.60321715817685,False
186.0,162.93548387096763,False
185.5,163.26954177897593,False
185.0,163.60540540540535,False
184.5,163.94308943089442,False
184.0,164.2826086956521,False
183.5,164.62125340599442,False
183.0,164.96174863387958,False
182.5,165.30410958904108,False
182.0,165.6483516483516,False
181.5,165.99449035812648,False
181.0,166.34254143646388,False
180.5,166.68421052631578,False
180.0,167.02777777777754,False
179.5,167.37325905292477,False
179.0,167.72067039106136,False
178.5,168.0672268907565,False
178.0,168.41573033707863,False
177.5,168.76619718309843,False
177.0,169.1186440677968,False
176.5,169.47308781869623,False
176.0,169.82954545454538,False
175.5,170.18803418803432,False
175.0,170.5485714285713,False
174.5,170.9083094555874,False
174.0,171.27011494252878,False
173.5,171.6311239193083,False
173.0,171.99421965317936,False
172.5,172.3594202898558,False
172.0,172.7267441860467,False
171.5,173.0903790087464,False
171.0,173.45614035087723,False
170.5,173.82111436950157,False
170.0,174.18823529411776,False
169.5,174.55457227138652,False
169.0,174.92307692307688,False
168.5,175.29376854599408,False
168.0,175.6666666666666,False
167.5,176.04179104477595,False
167.0,176.4191616766471,False
166.5,176.78978978978998,False
166.0,177.1626506024096,False
165.5,177.5317220543816,False
165.0,177.9030303030302,False
164.5,178.27355623100286,False
164.0,178.6463414634145,False
163.5,179.00917431192647,False
163.0,179.37423312883425,False
162.5,179.74153846153837,False
162.0,180.11111111111117,False
161.5,180.46749226006202,False
161.0,180.8260869565219,False
160.5,181.18691588785057,False
160.0,181.55000000000007,False
159.5,181.9122257053291,False
159.0,182.27672955974828,False
158.5,182.63091482649833,False
158.0,182.98101265822808,False
157.5,183.31746031746042,False
157.0,183.65605095541414,False
156.5,183.97124600638992,False
156.0,184.2884615384614,False
155.5,184.54983922829575,False
155.0,184.81935483870967,False
154.5,185.06472491909398,False
154.0,185.30519480519476,False
153.5,185.54397394136785,False
153.0,185.78431372548982,False
152.5,186.01967213114753,False
152.0,186.2631578947367,False
151.5,186.49504950495054,False
151.0,186.72847682119155,False
150.5,186.9534883720932,False
150.0,187.1799999999998,False
149.5,187.40133779264212,False
149.0,187.63087248322168,False
148.5,187.82828282828422,False
148.0,188.02702702702697,False
147.5,188.20677966101687,False
147.0,188.3945578231294,False
146.5,188.58361774744057,False
146.0,188.77397260273932,False
145.5,188.94158075601376,False
145.0,189.11034482758618,False
144.5,189.27335640138392,False
144.0,189.43750000000006,False
143.5,189.57839721254336,False
143.0,189.72727272727263,False
142.5,189.86315789473696,False
142.0,190.00000000000014,False
141.5,190.09540636042408,False
141.0,190.19148936170143,False
140.5,190.2669039145908,False
140.0,190.34999999999994,False
139.5,190.3620071684585,False
139.0,190.37410071942446,False
138.5,190.3646209386288,False
138.0,190.36231884057966,False
137.5,190.3418181818183,False
137.0,190.32116788321164,False
136.5,190.2710622710622,False
136.0,190.2279411764709,False
135.5,190.17343173431763,False
135.0,190.1185185185183,False
134.5,190.02973977695174,False
134.0,189.93283582089543,False
133.5,189.8014981273416,False
133.0,189.66917293233084,False
132.5,189.4679245283017,False
132.0,189.2803030303031,False
131.5,189.05703422053213,False
131.0,188.8396946564886,False
130.5,188.61302681992328,False
130.0,188.39230769230744,False
129.5,188.15057915057878,False
129.0,187.90697674418632,False
128.5,187.65758754863802,False
128.0,187.4140625,False
127.5,187.1137254901963,False
127.0,186.81102362204751,False
126.5,186.50592885375488,False
126.0,186.19841269841297,False
125.5,185.80876494023926,False
125.0,185.44,False
124.5,185.07228915662637,False
124.0,184.7096774193548,False
123.5,184.29554655870473,False
123.0,183.8780487804878,False
122.5,183.44081632653055,False
122.0,183.00000000000006,False
121.5,182.55144032921837,False
121.0,182.0991735537192,False
120.5,181.62655601659742,False
120.0,181.1499999999998,False
119.5,180.66945606694594,False
119.0,180.18487394957975,False
118.5,179.6582278481015,False
118.0,179.1355932203392,False
117.5,178.58297872340438,False
117.0,178.0256410256411,False
116.5,177.40343347639464,False
116.0,176.78448275862064,False
115.5,176.16450216450232,False
115.0,175.5478260869572,False
114.5,174.93013100436684,False
114.0,174.31578947368442,False
113.5,173.6740088105726,False
113.0,173.0265486725663,False
112.5,172.37333333333333,False
112.0,171.732142857143,False
111.5,171.0582959641256,False
111.0,170.37837837837836,False
110.5,169.66968325791856,False
110.0,168.96363636363628,False
109.5,168.2420091324199,False
109.0,167.51376146789005,False
108.5,166.77880184331738,False
108.0,166.04629629629645,False
107.5,165.27906976744177,False
107.0,164.51401869158886,False
106.5,163.755868544601,False
106.0,162.9905660377359,False
105.5,162.21327014218008,False
105.0,161.43809523809526,False
104.5,160.65071770334967,False
104.0,159.87500000000017,False
103.5,159.05314009661845,False
103.0,158.2135922330096,False
102.5,157.36097560975594,False
102.0,156.4999999999999,False
101.5,155.63546798029557,False
101.0,154.75247524752464,False
100.5,153.84577114427867,False
100.0,152.94999999999996,False
99.5,152.01005025125642,False
99.0,151.05050505050477,False
98.5,150.07106598984754,False
98.0,149.07142857142856,False
97.5,148.05641025641046,False
97.0,147.03092783505144,False
96.5,145.96891191709827,False
96.0,144.89583333333343,False
95.5,143.81675392670152,False
95.0,142.72631578947363,False
94.5,141.60846560846548,False
94.0,140.48936170212758,False
93.5,139.33689839572193,False
93.0,138.16129032258058,False
92.5,136.96756756756756,False
92.0,135.72826086956516,False
91.5,134.48087431693983,False
91.0,133.21978021978018,False
90.5,131.92817679558016,False
90.0,130.65555555555557,False
89.5,129.27932960893844,False
89.0,127.89887640449435,False
88.5,126.50282485875697,False
88.0,125.06818181818183,False
87.5,123.58285714285707,False
87.0,122.08045977011511,False
86.5,120.53757225433523,False
86.0,118.95348837209298,False
85.5,117.36842105263159,False
85.0,115.7647058823531,False
84.5,114.14201183431958,False
84.0,112.5,False
83.5,110.79640718562874,False
83.0,109.08433734939756,False
82.5,107.32727272727266,False
82.0,105.5487804878049,False
81.5,103.7791411042945,False
81.0,101.97530864197546,False
80.5,100.19254658385104,False
80.0,98.32500000000007,False
79.5,96.44025157232707,False
79.0,94.5949367088608,False
78.5,92.80254777070066,False
78.0,91.08974358974372,False
77.5,89.5935483870968,False
77.0,88.19480519480528,False
76.5,86.79738562091536,False
76.0,85.3947368421053,False
75.5,83.98675496688716,False
75.0,82.59999999999998,False
74.5,81.28859060402692,False
74.0,80.10810810810806,False
73.5,79.0544217687075,False
73.0,77.97260273972583,False
72.5,76.96551724137925,False
72.0,75.95833333333331,False
71.5,75.00699300699294,False
71.0,74.02816901408464,False
70.5,73.19148936170183,False
70.0,72.42857142857147,False
69.5,71.93525179856111,False
69.0,71.50724637681151,False
68.5,71.12408759124091,False
68.0,70.86764705882356,False
67.5,70.60740740740744,False
67.0,70.53731343283579,True
66.5,70.61654135338357,False
66.0,70.98484848484857,False
65.5,71.49618320610688,False
65.0,72.06153846153863,False
64.5,72.8527131782944,False
64.0,73.65625,False
63.5,74.65354330708674,False
63.0,75.63492063492087,False
62.5,76.95999999999988,False
62.0,78.38709677419375,False
61.5,80.08130081300806,False
61.0,81.91803278688529,False
60.5,83.81818181818181,False
60.0,85.83333333333324,False
59.5,87.7647058823533,False
59.0,89.91525423728811,False
58.5,92.1538461538464,False
58.0,94.67241379310346,False
57.5,97.27826086956505,False
57.0,99.84210526315812,False
56.5,102.55752212389372,False
56.0,105.32142857142857,False
55.5,108.2252252252251,False
55.0,111.16363636363627,False
54.5,114.17431192660561,False
54.0,117.14814814814814,False
53.5,120.14018691588787,False
53.0,123.28301886792447,False
52.5,126.20952380952397,False
52.0,128.94230769230785,False
51.5,131.13592233009703,False
51.0,133.1372549019607,False
50.5,135.13861386138612,False
50.0,137.23999999999995,False
49.5,139.27272727272742,False
49.0,141.02040816326542,False
48.5,142.6701030927836,False
48.0,144.20833333333337,False
47.5,145.56842105263183,False
47.0,146.82978723404204,False
46.5,147.78494623655922,False
46.0,148.2608695652173,False
45.5,148.4505494505497,False
45.0,148.3555555555556,False
44.5,148.15730337078676,False
44.0,147.2954545454547,False
43.5,145.98850574712628,False
43.0,144.51162790697663,False
42.5,142.5882352941179,False
42.0,140.19047619047623,False
41.5,136.97590361445788,False
41.0,133.7317073170732,False
40.5,130.08641975308646,False
40.0,126.52499999999993,False
39.5,122.91139240506322,False
39.0,119.28205128205131,False
38.5,116.29870129870123,False
38.0,113.42105263157897,False
37.5,110.54666666666661,False
37.0,107.86486486486483,False
36.5,105.45205479452049,False
36.0,102.86111111111121,False
35.5,100.549295774648,False
35.0,98.97142857142862,False
34.5,98.6376811594202,False
34.0,98.52941176470605,True
33.5,99.2686567164178,False
33.0,101.09090909090926,False
32.5,103.7538461538464,False
32.0,106.78125,False
31.5,110.57142857142885,False
31.0,114.3870967741936,False
30.5,117.4262295081968,False
30.0,120.70000000000009,False
29.5,123.44067796610175,False
29.0,126.20689655172411,False
28.5,128.9473684210526,False
28.0,131.42857142857144,False
27.5,131.3818181818181,False
27.0,130.4074074074072,False
26.5,127.50943396226401,False
26.0,123.57692307692318,False
25.5,122.70588235294129,False
25.0,120.96000000000006,False
24.5,120.08163265306142,False
24.0,119.1250000000001,False
23.5,117.55319148936104,False
23.0,115.78260869565224,False
22.5,114.66666666666703,False
22.0,113.36363636363645,False
21.5,112.83720930232555,True
21.0,113.57142857142873,False
20.5,116.24390243902452,False
20.0,119.40000000000005,False
19.5,116.7435897435899,True
19.0,119.05263157894736,False
18.5,118.75675675675663,True
18.0,121.83333333333336,False
17.5,123.85714285714288,False
17.0,122.23529411764706,False
16.5,118.72727272727259,False
16.0,115.6875,False
15.5,113.06451612903217,True
15.0,117.1333333333334,False
14.5,121.8275862068964,False
14.0,120.57142857142865,False
13.5,115.62962962962983,True
13.0,117.07692307692315,False
12.5,121.6800000000002,False
12.0,124.66666666666656,False
11.5,115.34782608695662,True
11.0,116.3636363636362,False
10.5,122.04761904761918,False
10.0,115.90000000000013,True
9.5,119.68421052631575,False
